method,n_items,claim_accuracy,claim_f1,specificity_accuracy,risk_score_mae
heuristic_text,24,0.9166666666666666,0.9523809523809523,0.2916666666666667,1.3333333333333333
llm_multimodal,24,0.875,0.9333333333333333,0.5833333333333334,2.0416666666666665
llm_text,24,0.875,0.9333333333333333,0.5,2.25
